movieId,Unnamed: 0
1,72
2,76
3,43
4,9
5,50
6,33
7,39
8,7
9,12
10,81
11,41
12,11
13,3
14,20
15,17
16,39
17,29
18,15
19,91
20,26
21,57
22,35
23,20
24,31
25,32
26,2
27,6
28,2
29,17
30,3
31,24
32,81
34,77
35,2
36,26
38,1
39,93
40,3
41,7
42,14
43,5
44,45
45,25
46,7
47,65
48,50
49,1
50,37
52,29
54,2
55,5
57,12
58,15
59,1
60,24
61,7
62,41
63,6
64,6
65,24
66,11
67,1
68,6
69,12
70,43
71,3
72,6
73,4
74,9
75,1
76,13
77,1
78,4
79,20
80,1
81,12
82,3
83,2
84,3
85,6
86,12
87,5
88,9
89,15
90,1
92,5
93,18
94,7
95,75
96,2
97,4
99,1
100,9
101,9
102,9
103,3
104,50
105,32
106,1
107,22
110,81
111,34
112,31
113,4
114,1
116,1
117,4
118,5
119,1
122,21
123,2
125,3
126,10
129,1
130,1
131,2
132,12
135,29
136,1
139,1
140,14
141,53
144,9
145,36
146,3
147,11
148,2
149,2
150,85
151,38
152,1
153,125
154,5
155,4
156,3
157,18
158,54
159,4
160,65
161,54
162,4
163,50
164,10
165,87
166,4
168,50
169,11
170,25
171,3
172,61
173,73
174,13
175,15
176,2
177,9
178,1
179,12
180,24
181,12
182,1
183,3
185,90
186,62
187,5
188,11
189,1
190,2
191,9
193,36
194,11
195,17
196,62
198,20
199,2
200,1
201,3
203,20
204,28
205,3
206,3
207,12
208,100
209,7
210,3
211,2
212,5
213,4
214,5
215,12
216,25
217,3
218,14
219,3
220,1
222,18
223,37
224,28
225,29
227,18
228,2
229,6
230,14
231,109
232,9
233,7
234,15
235,42
236,40
237,23
238,2
239,8
240,2
241,3
242,5
243,2
245,3
246,13
247,14
248,18
249,9
250,6
251,4
252,44
253,81
254,3
255,6
256,47
257,15
258,11
259,9
260,66
261,21
262,11
265,18
266,40
267,21
268,3
269,3
270,5
271,7
272,20
273,22
274,11
275,9
276,21
277,28
278,6
279,2
280,14
281,7
282,39
286,1
287,3
288,76
289,17
290,9
291,4
292,76
293,30
294,4
295,3
296,91
297,1
299,5
300,51
301,2
302,2
303,32
304,3
305,10
306,12
307,11
308,12
309,1
312,9
313,3
314,10
315,52
316,104
317,58
318,41
319,17
320,1
321,1
322,13
324,1
325,9
326,4
327,28
328,8
329,76
330,7
331,1
332,15
333,35
334,1
335,1
336,3
337,46
338,24
339,65
340,9
341,1
342,37
343,6
344,148
345,17
346,3
347,3
348,17
349,57
350,52
351,16
352,4
353,49
354,4
355,52
356,88
357,67
358,5
359,1
360,12
361,11
362,25
364,75
365,5
366,9
367,109
368,49
369,3
370,49
371,14
372,29
373,5
374,25
375,1
376,30
377,97
378,10
379,23
380,114
381,12
382,17
383,19
384,7
386,1
387,5
388,1
389,2
390,3
391,2
392,2
393,6
394,2
396,1
397,2
402,1
405,22
407,5
408,4
409,1
410,69
411,1
412,15
413,30
414,5
415,17
416,9
417,11
418,5
419,30
420,65
421,6
422,4
423,10
424,2
425,4
426,18
427,18
428,5
429,10
431,24
432,61
433,6
434,84
435,69
436,2
437,12
438,6
440,48
441,17
442,66
443,3
444,2
445,6
446,6
447,2
448,9
449,1
450,9
451,4
452,3
453,3
454,60
455,33
456,2
457,61
458,6
459,8
460,2
461,3
463,1
464,14
465,3
466,55
467,3
468,26
469,7
470,1
471,31
472,5
473,8
474,32
475,11
476,1
477,16
478,1
479,8
480,144
481,15
482,9
483,1
484,3
485,55
486,5
487,4
489,15
490,7
491,15
492,7
493,6
494,30
495,3
496,1
497,23
498,3
499,4
500,83
501,4
502,19
504,5
505,6
507,8
508,42
509,39
510,4
511,8
512,7
513,5
514,16
515,20
516,12
517,11
518,4
519,27
520,58
521,5
522,4
523,1
524,25
525,1
526,1
527,48
528,5
529,14
531,16
532,20
533,10
534,6
535,12
536,2
537,10
538,7
539,69
540,16
541,40
542,16
543,45
544,15
546,28
547,5
548,17
549,3
550,11
551,46
552,30
553,25
554,4
555,27
556,2
558,9
559,1
562,11
563,1
564,1
566,1
567,1
568,2
569,9
570,1
573,1
574,4
575,14
577,1
580,3
581,3
584,1
585,49
586,94
587,74
588,93
589,88
590,94
591,1
592,121
593,75
594,41
595,77
596,33
597,87
599,5
602,1
603,2
605,12
606,6
608,60
609,9
610,23
611,10
612,5
613,8
614,2
615,2
616,25
617,1
618,1
619,2
621,1
626,1
627,6
628,18
631,8
634,1
635,3
637,26
638,4
639,1
640,8
641,1
647,23
648,109
649,1
650,2
652,1
653,46
656,4
658,1
660,1
661,30
662,14
663,7
665,3
667,3
670,2
671,14
673,31
674,16
678,4
680,3
681,1
685,3
688,15
691,2
692,7
694,10
695,10
696,2
697,1
700,6
701,1
703,2
704,7
706,2
707,13
708,47
709,5
710,3
711,12
713,1
714,7
715,2
718,3
719,34
720,9
721,2
722,2
724,32
725,7
726,2
728,4
731,4
732,1
733,57
735,4
736,100
737,23
741,15
742,9
743,24
745,7
747,6
748,18
750,28
752,1
753,3
754,2
757,1
760,2
761,14
762,39
764,1
765,16
766,1
767,1
771,2
778,31
779,3
780,135
781,3
782,10
783,27
784,52
785,31
786,42
787,1
788,75
793,1
798,15
799,15
800,9
801,7
802,36
803,4
804,5
805,23
806,3
807,1
808,1
809,8
810,6
813,3
818,14
828,7
829,6
830,22
832,33
833,2
835,2
836,18
837,11
838,17
839,15
840,2
842,5
846,1
847,1
848,5
849,29
851,5
852,34
853,1
855,1
858,31
860,2
861,9
862,1
866,10
867,3
869,1
870,4
872,1
875,1
876,3
877,1
879,11
880,29
881,3
884,1
885,5
886,5
887,1
888,2
889,1
891,8
892,3
893,2
898,7
899,11
900,6
901,6
902,21
903,9
904,5
905,5
906,1
907,3
908,17
909,5
910,13
911,1
912,26
913,5
914,14
915,10
916,6
917,3
918,5
919,43
920,30
921,5
922,4
923,27
924,37
926,6
927,2
928,5
929,1
930,2
931,4
932,9
933,10
934,11
935,3
936,2
938,5
939,1
940,13
941,3
942,2
943,5
944,2
945,4
947,3
948,3
949,3
950,5
951,7
952,11
953,20
954,4
955,4
956,2
957,1
958,1
959,2
962,1
963,2
964,3
965,5
966,2
968,19
969,10
970,1
971,9
976,4
980,2
981,1
982,1
984,1
986,7
988,1
990,4
991,10
992,2
993,1
994,13
996,12
998,4
999,8
1002,1
1003,7
1004,4
1005,13
1006,7
1007,11
1008,3
1009,13
1010,8
1011,10
1012,9
1013,19
1014,9
1015,14
1016,11
1017,9
1018,4
1019,19
1020,18
1021,11
1022,21
1023,7
1024,3
1025,19
1026,1
1027,21
1028,33
1029,26
1030,10
1031,15
1032,18
1033,9
1034,7
1035,21
1036,44
1037,29
1039,1
1041,4
1042,25
1043,2
1046,2
1047,21
1049,10
1050,2
1051,2
1053,1
1054,4
1055,1
1056,4
1057,9
1059,18
1060,17
1061,24
1063,2
1064,12
1065,1
1066,4
1073,58
1076,3
1077,11
1078,4
1079,28
1080,46
1081,9
1082,8
1083,6
1084,19
1085,5
1086,6
1088,43
1089,35
1090,25
1091,23
1092,37
1093,23
1094,23
1095,11
1096,6
1097,53
1099,4
1100,19
1101,62
1102,1
1103,10
1104,9
1105,2
1107,1
1111,4
1112,2
1113,5
1114,3
1116,2
1117,1
1120,28
1121,2
1123,2
1124,10
1125,10
1126,15
1127,48
1128,6
1129,31
1130,7
1131,4
1132,4
1135,13
1136,31
1137,1
1138,1
1144,1
1147,4
1148,15
1150,4
1151,1
1152,1
1154,1
1161,3
1163,2
1164,1
1168,1
1169,1
1171,5
1172,10
1173,12
1174,1
1175,11
1176,3
1177,3
1178,4
1179,17
1180,1
1181,1
1183,38
1184,2
1185,5
1186,20
1187,1
1188,14
1189,1
1190,5
1191,6
1192,1
1193,25
1194,10
1196,58
1197,47
1198,50
1199,15
1200,47
1201,21
1202,1
1203,17
1204,16
1206,37
1207,13
1208,27
1209,3
1210,74
1211,5
1212,5
1213,25
1214,53
1215,34
1216,4
1217,6
1218,3
1219,23
1220,34
1221,17
1222,30
1223,11
1224,4
1225,22
1226,2
1227,6
1228,13
1230,25
1231,14
1232,6
1233,16
1234,17
1235,10
1236,2
1237,5
1238,4
1240,59
1241,4
1242,17
1243,4
1244,12
1245,7
1246,41
1247,28
1248,3
1249,16
1250,13
1251,9
1252,13
1253,10
1254,4
1255,7
1256,11
1257,9
1258,33
1259,26
1260,4
1261,16
1262,10
1263,20
1264,5
1265,57
1266,30
1267,6
1268,4
1269,8
1270,64
1271,16
1272,13
1273,4
1274,15
1275,20
1276,15
1277,10
1278,27
1279,5
1280,4
1281,5
1282,29
1283,5
1284,2
1285,18
1286,8
1287,17
1288,30
1289,4
1290,2
1291,56
1292,10
1293,15
1295,4
1296,15
1297,11
1298,14
1299,14
1300,5
1301,11
1302,35
1303,1
1304,19
1305,4
1307,41
1310,3
1320,62
1321,17
1322,2
1323,2
1324,1
1325,1
1326,3
1327,10
1328,2
1330,4
1331,2
1332,3
1333,20
1334,14
1336,6
1339,32
1340,3
1341,2
1342,15
1343,19
1344,5
1345,16
1346,6
1347,29
1348,11
1350,15
1351,2
1352,4
1353,10
1354,3
1355,3
1356,39
1357,17
1358,27
1359,9
1361,3
1363,6
1364,1
1365,1
1366,4
1367,29
1370,49
1371,29
1372,33
1373,27
1374,32
1375,32
1376,36
1377,46
1378,25
1379,9
1380,40
1381,11
1382,5
1384,1
1385,16
1386,1
1387,46
1388,22
1389,10
1390,5
1391,63
1392,1
1393,55
1394,28
1395,6
1396,22
1397,2
1398,1
1399,2
1401,5
1404,3
1405,29
1406,2
1407,66
1408,25
1409,18
1410,1
1411,11
1413,3
1414,5
1415,1
1416,12
1417,5
1419,1
1422,12
1425,3
1426,1
1427,3
1429,13
1430,2
1431,13
1432,5
1434,1
1436,1
1437,1
1438,22
1439,1
1440,2
1441,19
1442,3
1443,1
1445,8
1446,3
1447,1
1448,1
1449,11
1450,1
1453,9
1454,3
1455,1
1456,2
1457,9
1458,2
1459,14
1460,3
1461,7
1463,2
1464,8
1465,2
1466,21
1468,2
1472,1
1473,2
1474,5
1475,2
1476,14
1477,2
1479,31
1480,6
1482,1
1483,10
1484,3
1485,43
1487,6
1488,17
1490,1
1495,1
1497,5
1498,3
1499,26
1500,28
1501,1
1502,2
1503,9
1507,2
1508,1
1509,1
1513,26
1514,1
1515,16
1516,1
1517,58
1518,10
1520,1
1523,5
1525,2
1526,3
1527,54
1529,3
1531,2
1533,2
1535,2
1537,9
1538,1
1539,1
1541,3
1542,7
1544,56
1545,2
1546,1
1547,2
1548,1
1549,1
1550,3
1551,2
1552,52
1554,2
1556,22
1558,1
1562,35
1563,1
1564,2
1566,16
1569,30
1571,1
1573,57
1574,1
1580,91
1581,1
1582,1
1583,1
1584,45
1586,25
1587,23
1588,13
1589,15
1590,20
1591,29
1592,4
1593,6
1594,8
1595,7
1597,45
1598,8
1599,2
1600,5
1601,3
1603,11
1604,3
1605,1
1606,8
1608,39
1609,5
1610,38
1611,8
1612,1
1614,14
1615,9
1616,12
1617,32
1619,11
1620,11
1621,3
1623,6
1624,2
1625,25
1626,5
1627,9
1629,6
1632,3
1633,8
1635,8
1639,32
1640,1
1641,39
1642,1
1643,1
1644,33
1645,28
1646,2
1647,6
1648,4
1649,1
1650,2
1653,42
1654,3
1655,4
1657,1
1658,4
1660,3
1661,5
1662,1
1663,12
1665,13
1666,1
1667,6
1668,2
1669,2
1671,1
1672,7
1673,31
1674,22
1676,50
1677,2
1678,8
1680,12
1681,10
1682,54
1683,5
1684,2
1686,4
1687,23
1688,15
1689,8
1690,44
1693,7
1694,11
1695,2
1699,3
1701,9
1702,27
1703,5
1704,39
1707,9
1711,10
1713,12
1717,29
1719,5
1720,1
1721,89
1722,43
1723,1
1725,1
1726,7
1727,7
1728,1
1729,30
1730,5
1731,4
1732,41
1733,1
1734,1
1735,9
1739,2
1742,1
1744,5
1746,3
1747,21
1748,26
1750,4
1752,15
1753,7
1754,9
1755,1
1756,4
1757,2
1760,13
1762,13
1767,1
1769,11
1770,1
1771,1
1772,9
1777,37
1779,31
1783,4
1784,40
1785,4
1788,1
1791,1
1792,12
1794,3
1797,5
1798,2
1799,3
1801,16
1804,6
1805,24
1806,5
1807,1
1809,2
1810,12
1812,2
1814,1
1816,3
1817,2
1821,5
1824,3
1825,2
1826,2
1827,3
1831,26
1833,15
1834,9
1835,12
1836,3
1837,2
1839,1
1840,4
1841,5
1844,2
1845,5
1848,5
1849,1
1853,2
1854,3
1855,3
1856,2
1857,2
1858,5
1860,2
1862,12
1863,9
1865,1
1866,6
1867,2
1869,3
1870,1
1873,7
1874,2
1875,5
1876,45
1880,1
1881,3
1882,33
1883,16
1884,19
1885,11
1887,2
1888,13
1889,5
1892,10
1894,19
1895,7
1896,2
1897,2
1899,1
1900,3
1901,1
1902,1
1905,1
1906,3
1907,17
1909,35
1910,1
1911,30
1912,25
1913,4
1914,6
1916,6
1917,68
1918,29
1919,1
1920,19
1921,23
1922,2
1923,64
1924,7
1925,2
1927,3
1928,2
1929,1
1931,2
1932,1
1933,2
1935,3
1936,1
1937,1
1938,1
1939,4
1942,4
1944,3
1945,5
1946,3
1947,20
1948,3
1949,2
1950,5
1951,5
1952,5
1953,8
1954,36
1955,11
1956,8
1957,12
1958,9
1959,8
1960,12
1961,48
1962,16
1963,5
1964,2
1965,16
1966,1
1967,21
1968,43
1969,17
1970,10
1971,12
1972,11
1973,9
1974,13
1975,9
1976,5
1977,7
1978,7
1979,7
1980,5
1981,7
1982,17
1983,5
1984,4
1985,3
1986,4
1987,3
1988,1
1989,2
1990,1
1991,12
1992,6
1993,1
1994,18
1995,7
1996,7
1997,30
1998,5
1999,5
2000,38
2001,38
2002,35
2003,31
2004,13
2005,23
2006,33
2009,11
2010,11
2011,49
2012,75
2013,15
2014,7
2015,7
2016,2
2017,1
2018,21
2019,10
2020,10
2021,31
2022,5
2023,33
2024,3
2025,8
2026,6
2027,4
2028,52
2029,3
2031,1
2032,1
2033,7
2034,7
2035,2
2036,4
2037,1
2038,3
2040,6
2041,5
2042,10
2043,8
2044,3
2045,2
2046,14
2048,7
2049,2
2050,4
2051,4
2052,6
2053,19
2054,78
2057,4
2058,22
2059,7
2060,6
2062,1
2064,10
2065,4
2066,1
2067,7
2069,4
2070,3
2071,3
2072,9
2073,2
2074,1
2075,1
2076,12
2077,4
2078,19
2079,2
2080,25
2081,32
2082,17
2083,4
2084,5
2085,27
2086,1
2087,20
2088,10
2089,7
2090,6
2091,8
2092,9
2093,8
2094,20
2095,5
2096,17
2097,2
2098,3
2099,3
2100,40
2101,1
2102,7
2103,2
2104,1
2105,33
2106,2
2107,5
2108,19
2109,19
2110,7
2111,6
2112,8
2113,4
2114,13
2115,55
2116,19
2117,12
2118,7
2119,6
2120,6
2121,7
2122,8
2123,11
2124,25
2125,11
2126,29
2129,1
2130,7
2132,6
2133,15
2134,17
2135,7
2136,8
2137,12
2138,8
2139,11
2140,17
2141,18
2142,9
2143,11
2144,14
2145,18
2146,8
2147,6
2148,7
2149,5
2150,15
2151,3
2152,6
2153,11
2154,2
2155,9
2156,1
2157,1
2159,4
2160,13
2161,20
2162,6
2163,9
2165,4
2166,4
2167,27
2168,2
2169,5
2170,6
2171,2
2173,4
2174,54
2176,3
2178,1
2179,1
2180,1
2181,2
2182,2
2183,3
2184,2
2186,9
2188,7
2190,4
2192,1
2193,27
2194,29
2195,6
2196,3
2198,1
2201,1
2202,3
2203,1
2204,1
2205,2
2206,2
2207,1
2208,3
2210,3
2212,2
2214,1
2216,1
2227,1
2231,13
2232,20
2233,1
2235,1
2236,2
2237,2
2238,2
2239,2
2240,8
2241,3
2242,1
2243,10
2245,11
2247,4
2248,20
2249,5
2250,3
2252,7
2253,17
2255,2
2256,1
2257,1
2259,4
2260,3
2261,1
2262,4
2263,5
2264,4
2265,4
2266,4
2268,24
2269,7
2271,6
2272,2
2273,31
2275,5
2276,2
2278,22
2279,15
2280,4
2282,3
2285,2
2286,2
2287,8
2288,11
2289,12
2290,2
2291,52
2294,40
2295,1
2296,11
2297,10
2298,1
2300,4
2301,15
2302,44
2303,3
2305,2
2306,7
2307,2
2309,1
2310,3
2311,21
2312,8
2313,6
2314,2
2315,9
2316,8
2317,1
2318,5
2320,4
2321,41
2322,10
2324,24
2325,4
2327,4
2328,10
2329,27
2330,2
2331,3
2332,2
2333,7
2334,8
2335,18
2336,15
2337,5
2338,25
2339,4
2340,16
2341,1
2342,1
2344,5
2345,2
2346,12
2347,5
2348,6
2349,1
2351,1
2352,14
2353,38
2354,5
2355,57
2356,4
2357,6
2359,10
2360,5
2361,2
2362,1
2363,15
2364,4
2365,3
2366,20
2367,14
2368,1
2369,21
2370,3
2371,17
2372,8
2373,9
2374,4
2375,15
2376,14
2377,4
2378,18
2379,19
2380,14
2381,10
2382,11
2383,11
2384,18
2385,7
2386,4
2387,8
2389,11
2390,6
2391,9
2392,9
2393,26
2394,19
2395,23
2396,43
2398,9
2399,5
2400,1
2401,6
2402,16
2403,19
2404,19
2405,21
2406,35
2407,36
2408,8
2409,25
2410,29
2411,27
2412,16
2413,20
2414,6
2416,14
2417,2
2418,5
2419,1
2420,22
2421,35
2422,20
2423,14
2424,39
2425,3
2426,1
2427,19
2428,26
2429,1
2430,2
2431,12
2432,3
2433,16
2435,2
2436,3
2439,5
2440,2
2442,2
2443,2
2445,5
2446,3
2447,10
2448,8
2449,5
2450,18
2451,3
2453,4
2454,14
2455,29
2456,14
2457,6
2458,5
2459,8
2460,2
2461,5
2462,3
2463,7
2465,1
2466,1
2467,11
2468,9
2469,11
2470,40
2471,22
2472,1
2473,5
2474,11
2475,4
2476,7
2477,5
2478,19
2479,1
2481,2
2485,16
2490,26
2491,3
2492,6
2493,1
2494,1
2495,3
2496,11
2497,5
2498,6
2499,2
2500,5
2501,19
2502,26
2504,8
2505,21
2506,5
2507,2
2511,2
2513,10
2514,4
2516,2
2517,9
2518,4
2519,2
2520,5
2521,4
2522,2
2523,1
2524,8
2525,3
2526,4
2527,14
2528,14
2529,27
2530,11
2531,10
2532,7
2533,15
2535,4
2537,2
2539,25
2540,3
2541,27
2542,19
2544,1
2545,2
2546,7
2547,1
2548,5
2549,8
2550,4
2551,4
2553,4
2554,7
2555,6
2557,1
2558,10
2559,3
2560,5
2561,10
2562,1
2563,3
2565,4
2567,19
2568,9
2569,1
2570,1
2571,58
2572,31
2574,6
2575,4
2577,2
2579,5
2580,15
2581,26
2582,3
2583,2
2585,2
2587,8
2588,1
2589,1
2590,2
2593,1
2594,7
2596,5
2597,5
2598,14
2599,35
2600,20
2605,34
2606,7
2609,2
2611,4
2612,1
2613,6
2614,2
2615,5
2616,27
2617,56
2618,4
2620,1
2621,2
2622,10
2625,2
2627,1
2628,102
2629,2
2630,5
2633,8
2634,2
2636,1
2639,3
2640,42
2641,34
2642,25
2643,19
2644,4
2646,1
2647,1
2648,5
2649,1
2651,1
2652,1
2653,1
2654,1
2655,2
2656,1
2657,45
2659,1
2660,2
2661,2
2662,14
2664,13
2665,2
2666,1
2667,3
2668,9
2669,1
2670,1
2671,38
2672,17
2674,3
2676,7
2677,3
2678,1
2680,1
2682,1
2683,74
2684,1
2686,8
2687,11
2688,20
2689,2
2690,2
2692,25
2693,7
2694,35
2696,2
2699,54
2700,35
2701,54
2702,11
2705,2
2706,65
2707,20
2708,3
2709,5
2710,64
2711,1
2712,45
2713,19
2714,2
2715,1
2716,66
2717,29
2718,9
2719,20
2720,16
2722,35
2723,25
2724,36
2725,2
2726,4
2728,9
2729,9
2730,6
2731,2
2732,2
2733,1
2734,9
2735,16
2736,6
2738,2
2739,11
2744,1
2745,2
2746,18
2747,10
2748,4
2749,1
2750,2
2752,2
2753,4
2755,1
2756,3
2757,1
2759,12
2761,17
2762,57
2763,25
2764,7
2765,3
2766,1
2767,1
2769,2
2770,32
2771,5
2772,11
2773,1
2774,4
2776,1
2778,1
2779,9
2780,1
2781,1
2782,1
2784,2
2785,2
2786,3
2787,4
2788,7
2789,3
2791,36
2792,15
2793,5
2794,14
2795,13
2796,5
2797,51
2798,10
2799,5
2800,1
2801,2
2802,11
2803,15
2804,19
2805,15
2806,7
2807,12
2808,15
2809,2
2810,4
2812,2
2813,1
2815,7
2816,5
2817,4
2818,5
2819,1
2820,1
2822,7
2823,1
2824,1
2826,20
2827,15
2828,4
2829,7
2830,1
2831,1
2834,2
2835,5
2836,5
2840,22
2841,6
2842,2
2843,2
2844,1
2846,6
2847,1
2848,1
2849,2
2851,3
2852,3
2856,4
2857,14
2858,58
2859,1
2860,7
2861,4
2862,2
2863,7
2866,5
2867,5
2868,4
2869,1
2870,2
2871,16
2872,13
2873,2
2874,3
2875,7
2876,1
2877,9
2878,1
2879,4
2880,1
2881,24
2882,5
2883,5
2884,3
2885,2
2886,1
2887,1
2888,1
2889,7
2890,37
2891,2
2893,2
2894,4
2898,4
2899,2
2900,5
2901,7
2902,6
2903,6
2904,1
2905,3
2906,7
2907,7
2908,16
2911,1
2912,9
2913,1
2914,1
2915,18
2916,49
2917,6
2918,42
2919,5
2920,1
2921,5
2922,4
2923,2
2924,4
2926,10
2927,2
2928,1
2929,5
2930,1
2932,4
2933,1
2935,2
2937,1
2939,3
2940,1
2941,6
2942,10
2943,1
2944,14
2945,1
2946,4
2947,28
2948,19
2949,20
2950,15
2951,12
2952,4
2953,24
2956,4
2959,35
2960,1
2961,7
2962,3
2963,1
2964,2
2965,4
2966,6
2967,2
2968,27
2969,1
2970,1
2971,4
2972,1
2973,5
2974,4
2975,2
2976,8
2977,1
2978,5
2979,2
2982,1
2983,2
2985,45
2986,23
2987,49
2988,1
2989,18
2990,22
2991,17
2992,1
2993,9
2995,9
2996,1
2997,39
3000,11
3003,2
3004,9
3005,19
3006,12
3007,3
3008,2
3011,7
3013,3
3014,1
3015,3
3016,6
3017,2
3018,3
3019,9
3020,19
3022,3
3023,1
3024,4
3028,2
3029,1
3030,10
3031,4
3032,7
3033,37
3034,13
3035,2
3036,3
3037,8
3039,17
3040,8
3041,1
3042,1
3044,7
3045,1
3046,2
3048,3
3049,1
3050,2
3051,1
3052,36
3053,12
3054,7
3055,2
3060,9
3061,2
3062,5
3063,2
3064,1
3066,4
3067,3
3068,3
3070,12
3071,5
3072,11
3074,4
3075,2
3076,2
3077,1
3078,1
3079,1
3081,33
3082,32
3083,6
3087,12
3088,6
3089,2
3090,1
3091,2
3092,1
3093,4
3095,2
3096,1
3097,3
3098,8
3099,1
3100,12
3101,18
3102,4
3103,2
3104,12
3105,18
3107,24
3108,16
3109,1
3110,1
3111,1
3113,22
3114,52
3115,2
3116,2
3117,1
3118,2
3120,1
3121,1
3125,1
3127,1
3128,1
3129,4
3130,9
3133,1
3134,4
3135,6
3138,3
3139,1
3141,4
3142,4
3144,1
3145,5
3146,17
3147,38
3148,17
3149,1
3152,4
3153,6
3155,3
3156,13
3157,19
3158,5
3159,11
3160,18
3161,1
3162,1
3163,3
3165,3
3167,4
3168,10
3169,7
3173,12
3174,17
3175,38
3176,41
3177,5
3178,2
3179,3
3180,3
3181,8
3182,1
3183,1
3185,2
3186,13
3188,2
3189,3
3190,2
3192,1
3194,2
3196,1
3197,6
3198,9
3199,1
3201,4
3203,4
3204,4
3206,2
3208,10
3210,15
3211,1
3213,6
3219,4
3221,1
3224,2
3225,2
3230,2
3235,1
3238,5
3239,1
3240,1
3241,2
3243,7
3244,6
3245,1
3246,4
3247,26
3248,10
3249,9
3250,4
3251,3
3252,11
3253,29
3254,26
3255,20
3256,13
3257,18
3258,9
3259,6
3260,5
3261,14
3262,6
3263,18
3264,19
3265,3
3266,4
3267,14
3268,14
3269,13
3270,4
3271,7
3273,22
3274,13
3275,13
3276,3
3281,3
3284,1
3285,25
3286,3
3287,2
3289,2
3295,1
3296,3
3298,11
3299,4
3300,20
3301,20
3302,1
3306,1
3307,3
3308,1
3310,1
3311,2
3316,8
3317,17
3320,1
3324,6
3325,6
3326,4
3327,1
3328,15
3331,1
3332,1
3334,2
3338,1
3341,2
3342,2
3343,1
3345,1
3347,2
3353,1
3354,25
3355,10
3357,1
3358,8
3359,3
3360,3
3361,8
3362,8
3363,4
3364,1
3365,2
3367,2
3368,1
3372,1
3375,1
3379,1
3384,2
3385,7
3386,22
3387,9
3388,6
3389,1
3390,1
3391,1
3392,5
3393,1
3394,3
3395,1
3396,16
3397,4
3398,5
3400,1
3401,4
3403,1
3404,3
3408,33
3409,14
3410,1
3412,3
3414,1
3415,2
3417,2
3418,26
3420,1
3421,22
3422,2
3423,1
3424,8
3425,1
3426,3
3427,1
3429,2
3430,2
3431,1
3432,1
3435,3
3438,25
3439,7
3440,8
3441,15
3442,1
3443,1
3444,5
3445,1
3447,1
3448,30
3449,1
3450,12
3451,4
3452,17
3454,1
3456,1
3457,3
3459,1
3461,7
3462,5
3465,1
3466,2
3467,5
3468,7
3470,3
3471,33
3475,3
3476,8
3477,10
3478,7
3479,11
3480,1
3481,20
3483,8
3484,10
3487,2
3489,33
3491,1
3493,1
3494,3
3496,1
3498,3
3499,17
3500,3
3501,3
3502,2
3503,3
3504,4
3505,2
3506,2
3507,5
3508,6
3509,2
3510,15
3511,1
3512,7
3513,6
3515,3
3516,1
3518,3
3519,3
3521,3
3523,2
3524,8
3525,4
3526,14
3527,33
3528,5
3529,1
3534,12
3535,21
3536,8
3537,2
3538,3
3543,2
3545,3
3546,2
3548,1
3549,3
3550,4
3551,2
3552,24
3553,2
3554,3
3555,20
3556,14
3557,1
3559,1
3562,1
3563,3
3564,5
3565,2
3566,4
3567,1
3569,1
3571,1
3572,2
3576,2
3577,1
3578,61
3580,2
3581,1
3584,2
3587,1
3588,2
3590,1
3591,9
3593,26
3594,1
3595,1
3596,3
3597,3
3598,1
3600,2
3601,1
3602,1
3604,1
3605,2
3606,3
3608,17
3610,1
3613,1
3614,2
3615,6
3616,4
3617,25
3618,10
3620,2
3623,50
3624,34
3627,1
3629,1
3632,2
3633,11
3634,2
3635,17
3638,21
3639,17
3643,1
3644,1
3646,11
3649,3
3653,2
3654,7
3655,1
3658,1
3659,2
3660,4
3661,1
3662,1
3663,1
3664,1
3665,2
3666,1
3667,1
3668,7
3669,2
3671,21
3672,4
3673,1
3674,1
3675,2
3676,3
3677,2
3678,2
3679,1
3681,12
3682,4
3683,7
3684,8
3685,4
3686,17
3688,4
3689,2
3690,2
3693,4
3695,2
3697,29
3698,21
3699,6
3700,2
3701,7
3702,25
3703,18
3704,18
3705,12
3706,5
3707,5
3708,2
3709,7
3710,3
3711,2
3712,3
3715,1
3716,1
3717,33
3718,1
3719,1
3720,1
3723,4
3724,2
3726,3
3727,1
3728,2
3729,3
3730,4
3733,2
3735,6
3736,1
3737,2
3739,1
3740,16
3741,3
3742,3
3743,3
3744,17
3745,13
3747,1
3749,1
3751,42
3752,34
3753,35
3754,7
3755,28
3758,2
3759,2
3760,3
3761,1
3763,8
3764,6
3765,1
3766,8
3767,5
3768,2
3769,3
3770,1
3771,1
3773,4
3774,1
3775,1
3776,1
3777,1
3780,1
3781,1
3782,1
3783,1
3784,7
3785,35
3786,5
3787,1
3788,5
3790,1
3791,10
3792,1
3793,61
3794,2
3797,2
3798,18
3799,8
3800,1
3801,1
3802,9
3806,2
3809,14
3810,2
3811,2
3812,6
3813,3
3814,1
3819,1
3821,11
3822,2
3824,12
3825,9
3826,32
3827,21
3831,6
3833,1
3834,3
3835,2
3836,8
3837,2
3838,1
3839,1
3840,3
3841,7
3844,4
3846,1
3847,1
3850,1
3852,5
3854,1
3855,1
3857,4
3858,4
3859,1
3861,8
3862,2
3863,29
3864,7
3865,7
3868,15
3869,18
3870,1
3871,3
3872,1
3873,5
3877,6
3879,6
3882,18
3883,1
3884,3
3885,1
3889,5
3892,1
3893,14
3895,5
3896,6
3897,30
3898,6
3900,1
3901,1
3906,3
3908,9
3909,6
3910,8
3911,17
3912,3
3914,1
3915,2
3916,9
3917,2
3918,2
3919,2
3920,1
3922,1
3923,3
3925,2
3926,2
3927,2
3928,2
3930,4
3932,5
3936,2
3937,3
3940,1
3942,1
3944,1
3945,3
3946,5
3948,40
3949,17
3950,3
3952,7
3953,8
3954,1
3955,5
3956,4
3957,1
3958,1
3959,10
3960,2
3961,1
3963,2
3965,1
3967,16
3968,12
3969,13
3972,9
3973,1
3974,1
3975,1
3977,65
3978,8
3979,17
3980,9
3981,13
3982,1
3983,4
3984,16
3985,1
3986,17
3987,9
3988,17
3990,2
3991,9
3992,2
3993,5
3994,31
3996,37
3997,7
3998,7
3999,9
4001,1
4002,17
4003,5
4005,9
4006,9
4007,6
4008,13
4009,2
4010,6
4011,26
4012,4
4014,26
4015,21
4016,14
4017,1
4018,33
4019,12
4020,5
4022,48
4023,20
4024,1
4025,43
4027,46
4028,1
4029,8
4030,6
4031,6
4033,7
4034,33
4035,2
4036,5
4037,5
4039,4
4040,6
4041,9
4043,2
4044,2
4045,1
4046,1
4047,1
4052,6
4053,1
4054,4
4055,2
4056,1
4058,1
4061,5
4062,3
4063,3
4066,5
4067,2
4069,13
4070,1
4074,1
4076,1
4077,1
4078,1
4079,2
4081,2
4082,2
4084,13
4085,19
4086,5
4089,1
4090,3
4091,3
4092,4
4093,1
4094,2
4095,1
4098,2
4100,3
4102,6
4103,8
4104,5
4105,14
4109,1
4110,1
4111,1
4121,11
4122,1
4123,2
4124,5
4125,2
4126,4
4128,15
4130,1
4131,2
4132,10
4133,10
4135,1
4138,1
4141,2
4142,2
4143,1
4144,4
4146,2
4148,26
4149,7
4153,5
4154,1
4155,5
4156,1
4158,3
4159,6
4160,2
4161,17
4162,4
4164,1
4166,2
4167,4
4168,2
4174,2
4176,1
4177,1
4179,1
4182,1
4183,1
4184,1
4185,1
4186,2
4187,1
4188,1
4189,1
4190,1
4194,2
4198,1
4200,3
4203,3
4205,3
4206,1
4207,5
4209,1
4210,3
4211,2
4213,4
4214,9
4215,8
4217,2
4218,2
4220,6
4221,3
4223,12
4224,4
4225,4
4226,31
4228,7
4229,2
4231,6
4232,15
4233,3
4234,5
4235,6
4237,1
4238,13
4239,22
4240,4
4241,5
4246,34
4247,7
4248,8
4250,2
4251,4
4254,5
4255,5
4256,1
4262,19
4263,2
4265,5
4267,3
4268,1
4270,32
4271,1
4273,1
4274,1
4275,8
4276,2
4277,3
4279,1
4280,5
4285,4
4287,1
4290,1
4291,9
4292,1
4293,6
4294,1
4296,2
4299,16
4300,1
4305,6
4306,69
4307,1
4308,26
4310,29
4312,1
4313,2
4317,7
4318,2
4321,25
4322,3
4324,1
4326,4
4327,9
4329,2
4332,1
4333,6
4336,1
4339,1
4340,15
4341,3
4343,25
4344,24
4345,2
4347,1
4349,1
4350,1
4351,12
4352,1
4353,1
4354,2
4356,6
4357,2
4359,4
4361,15
4366,6
4367,22
4368,9
4369,23
4370,45
4371,1
4372,1
4378,5
4380,1
4382,1
4383,3
4385,1
4386,10
4387,5
4388,21
4389,1
4390,1
4394,1
4395,2
4396,3
4397,1
4398,1
4401,1
4403,1
4406,3
4407,1
4408,1
4409,1
4410,2
4411,1
4412,1
4423,1
4424,4
4425,1
4426,1
4428,1
4436,1
4437,1
4440,2
4443,2
4445,1
4446,21
4447,28
4448,11
4450,3
4452,3
4453,1
4458,1
4459,1
4462,2
4464,5
4465,4
4466,1
4467,7
4469,1
4470,2
4471,2
4473,1
4474,2
4476,1
4477,3
4478,4
4479,2
4480,3
4483,5
4486,2
4487,8
4488,2
4489,17
4490,2
4491,1
4492,4
4493,3
4494,2
4495,3
4496,2
4497,2
4498,7
4499,8
4501,1
4502,4
4503,3
4504,2
4505,1
4506,2
4507,1
4508,3
4509,5
4511,1
4512,2
4513,1
4516,2
4518,1
4519,10
4520,3
4521,1
4522,1
4524,1
4525,1
4526,3
4528,1
4530,1
4531,4
4533,6
4534,4
4535,3
4537,1
4540,1
4541,1
4543,2
4544,6
4545,13
4549,1
4550,1
4551,1
4553,3
4554,1
4557,2
4558,12
4559,1
4560,1
4562,2
4563,2
4564,3
4565,1
4568,1
4569,1
4570,2
4571,25
4572,4
4573,1
4574,2
4577,3
4578,4
4580,2
4583,1
4584,1
4585,2
4587,7
4588,1
4589,3
4591,1
4593,1
4594,1
4595,1
4597,2
4599,4
4600,2
4603,4
4610,1
4613,2
4614,2
4616,3
4617,1
4618,2
4619,1
4620,2
4621,23
4622,2
4623,10
4624,4
4625,1
4627,1
4628,3
4629,1
4630,2
4631,1
4632,1
4633,1
4634,2
4635,2
4636,3
4637,3
4638,18
4639,14
4640,1
4641,9
4642,6
4643,34
4644,2
4645,1
4648,1
4651,1
4653,1
4654,6
4657,1
4661,5
4662,2
4663,1
4664,1
4666,1
4672,2
4673,9
4674,1
4675,1
4676,3
4677,6
4678,5
4679,7
4680,2
4681,3
4682,2
4683,3
4685,2
4686,3
4688,3
4690,2
4692,1
4694,1
4696,1
4699,4
4700,13
4701,23
4703,3
4705,2
4709,2
4710,3
4713,4
4717,1
4718,34
4719,8
4720,16
4721,2
4723,3
4724,1
4725,4
4727,2
4728,19
4732,3
4733,2
4734,19
4735,6
4736,3
4738,2
4740,1
4741,4
4743,1
4744,7
4745,4
4748,3
4749,3
4750,4
4754,3
4756,3
4757,1
4758,2
4764,1
4765,1
4767,1
4768,1
4770,3
4774,2
4775,1
4776,19
4777,1
4782,2
4784,1
4785,1
4787,2
4788,1
4789,1
4790,1
4795,1
4799,1
4801,1
4804,1
4805,1
4808,6
4809,1
4811,2
4812,4
4813,1
4814,2
4815,4
4816,22
4821,4
4823,11
4824,1
4826,1
4830,1
4835,2
4839,1
4841,1
4842,1
4844,9
4845,2
4846,1
4847,1
4848,13
4850,2
4853,1
4855,9
4857,4
4860,1
4862,3
4865,13
4866,7
4867,3
4868,2
4871,2
4872,2
4873,4
4874,19
4876,6
4878,24
4880,7
4881,9
4885,1
4886,41
4887,11
4888,2
4889,4
4890,16
4894,1
4896,42
4899,7
4900,2
4901,13
4902,3
4903,2
4909,1
4911,4
4912,1
4914,2
4915,4
4918,1
4919,1
4920,2
4921,2
4926,1
4928,3
4929,5
4936,3
4939,1
4941,5
4943,1
4945,1
4946,1
4947,2
4949,2
4951,3
4954,3
4955,1
4956,1
4957,3
4958,16
4960,1
4961,2
4963,35
4965,2
4966,1
4967,1
4970,1
4971,3
4973,24
4974,12
4975,15
4976,2
4978,1
4979,28
4980,12
4981,1
4982,1
4985,1
4989,2
4990,2
4991,4
4992,11
4993,44
4994,9
4995,32
5000,1
5002,1
5008,1
5009,7
5010,20
5011,1
5013,12
5014,4
5015,13
5016,5
5019,1
5020,1
5021,4
5024,1
5025,7
5026,7
5027,4
5028,1
5030,1
5033,2
5034,1
5036,1
5038,2
5039,3
5040,5
5046,3
5047,4
5048,3
5049,11
5051,5
5053,1
5054,1
5055,4
5060,10
5061,1
5062,2
5064,14
5065,11
5066,5
5067,1
5068,1
5069,4
5072,1
5073,1
5074,2
5075,1
5076,1
5077,2
5080,1
5081,3
5087,1
5092,3
5093,5
5094,4
5096,2
5098,1
5099,1
5100,1
5101,1
5102,1
5103,8
5105,1
5106,6
5107,3
5108,2
5109,2
5110,7
5111,3
5116,1
5118,1
5120,1
5121,2
5125,3
5127,2
5128,7
5131,1
5134,2
5135,3
5139,3
5143,1
5146,5
5151,7
5152,6
5155,1
5159,4
5161,1
5162,1
5167,2
5169,1
5171,14
5172,2
5179,1
5184,1
5186,1
5196,1
5197,1
5198,2
5199,1
5200,2
5207,1
5208,1
5211,1
5212,2
5213,2
5214,1
5217,1
5218,31
5219,8
5220,8
5222,5
5223,1
5225,11
5226,1
5230,1
5231,1
5232,1
5233,1
5234,1
5235,1
5237,1
5240,1
5241,1
5246,3
5247,1
5248,1
5250,1
5254,15
5255,1
5264,3
5265,8
5266,21
5267,7
5269,3
5270,1
5272,1
5275,1
5282,5
5283,8
5284,2
5285,1
5288,1
5289,1
5291,4
5292,3
5293,5
5294,6
5296,6
5297,1
5298,3
5299,37
5300,2
5301,1
5303,8
5305,1
5307,2
5308,14
5309,9
5310,1
5312,3
5313,16
5316,3
5319,2
5323,6
5324,4
5325,2
5328,1
5329,3
5333,2
5334,2
5337,1
5341,1
5346,2
5349,56
5352,1
5357,1
5361,2
5362,1
5363,3
5364,5
5366,1
5372,1
5375,1
5376,1
5377,16
5378,53
5379,1
5380,5
5382,1
5385,1
5388,17
5389,1
5391,4
5392,1
5394,1
5397,1
5398,1
5399,1
5400,11
5401,6
5404,1
5406,2
5410,2
5412,2
5414,2
5415,5
5418,29
5419,2
5420,5
5421,2
5423,1
5425,1
5426,2
5427,1
5428,1
5429,2
5431,2
5433,3
5435,1
5437,3
5438,3
5439,1
5440,1
5442,1
5443,4
5444,17
5445,52
5446,5
5447,2
5449,16
5450,1
5452,11
5453,1
5454,2
5455,1
5456,1
5458,3
5459,33
5463,7
5464,17
5470,1
5472,1
5476,3
5477,3
5478,7
5479,2
5480,4
5481,29
5482,1
5483,2
5485,2
5486,1
5489,3
5492,1
5496,1
5500,3
5501,4
5502,34
5504,3
5505,5
5506,2
5507,19
5508,7
5509,1
5515,1
5519,1
5520,1
5522,2
5523,4
5524,3
5526,1
5528,8
5529,4
5530,3
5532,1
5534,1
5540,3
5541,11
5543,1
5544,2
5548,8
5549,1
5550,1
5552,1
5553,5
5561,1
5563,1
5564,3
5568,2
5569,1
5570,1
5572,7
5573,2
5574,14
5575,1
5577,10
5580,1
5581,1
5582,5
5584,4
5585,2
5587,1
5588,1
5589,1
5591,2
5597,2
5598,1
5600,1
5601,1
5602,4
5603,1
5608,4
5609,4
5610,3
5611,2
5612,2
5613,4
5617,11
5618,14
5620,13
5621,11
5628,1
5629,3
5630,12
5632,2
5636,1
5638,3
5639,2
5640,1
5642,1
5644,2
5647,2
5648,3
5649,1
5650,4
5653,1
5655,1
5661,1
5663,1
5665,4
5666,3
5667,8
5668,1
5669,26
5670,1
5672,2
5673,13
5675,2
5677,1
5679,36
5680,1
5684,1
5687,1
5688,1
5689,1
5690,6
5691,1
5692,1
5693,3
5696,1
5699,1
5705,1
5707,2
5708,1
5709,1
5712,2
5713,1
5718,1
5721,1
5723,1
5724,1
5728,1
5731,1
5745,2
5747,5
5752,1
5754,1
5755,1
5756,1
5765,1
5771,1
5772,3
5773,1
5775,1
5777,1
5780,1
5781,1
5782,6
5783,1
5784,2
5785,11
5787,2
5791,6
5792,1
5796,4
5797,1
5800,1
5803,6
5804,4
5805,1
5809,2
5810,15
5812,3
5815,2
5816,40
5817,1
5818,1
5820,1
5823,2
5826,1
5827,1
5830,2
5832,1
5833,3
5839,1
5841,3
5843,2
5845,1
5846,1
5853,4
5855,3
5856,1
5857,1
5859,1
5864,1
5865,1
5867,1
5868,1
5872,21
5873,2
5874,2
5875,1
5876,2
5878,2
5879,4
5881,13
5882,2
5883,1
5885,1
5887,1
5891,1
5893,2
5894,1
5898,2
5899,1
5900,15
5902,17
5903,14
5915,1
5919,1
5921,1
5923,1
5924,1
5926,2
5927,1
5933,2
5938,4
5940,2
5941,2
5942,5
5943,8
5944,9
5945,16
5949,2
5952,58
5954,6
5955,3
5956,24
5957,8
5958,1
5959,5
5960,2
5961,1
5962,1
5963,2
5968,1
5969,3
5970,6
5971,7
5981,4
5983,1
5989,26
5991,19
5992,8
5995,9
5998,1
5999,4
6001,3
6002,1
6003,8
6006,8
6012,2
6013,2
6014,2
6016,16
6023,1
6038,1
6039,2
6040,1
6054,1
6057,1
6058,5
6059,9
6060,1
6062,4
6063,4
6065,1
6070,1
6078,2
6089,1
6093,3
6094,1
6099,2
6100,1
6104,4
6107,1
6111,1
6116,1
6120,1
6122,1
6123,1
6125,2
6126,2
6131,1
6144,1
6149,1
6153,3
6154,1
6155,16
6156,10
6157,15
6158,1
6159,2
6162,1
6163,2
6166,5
6178,1
6183,1
6184,4
6185,1
6186,1
6187,3
6188,12
6192,1
6196,3
6197,2
6201,1
6203,2
6204,1
6208,2
6212,3
6213,6
6214,3
6215,2
6218,18
6219,2
6220,3
6222,1
6223,2
6233,1
6235,2
6237,1
6238,7
6239,5
6241,1
6242,5
6245,1
6249,2
6250,6
6251,1
6252,2
6259,1
6261,2
6263,6
6264,8
6265,1
6266,5
6268,2
6270,3
6272,1
6273,1
6279,1
6280,3
6281,20
6283,10
6286,2
6287,17
6289,1
6290,3
6291,1
6293,1
6294,6
6295,2
6296,11
6297,3
6298,3
6299,1
6303,7
6304,1
6305,1
6306,1
6308,1
6309,1
6313,1
6315,2
6316,1
6319,2
6321,1
6322,4
6323,9
6324,1
6325,1
6330,1
6331,3
6332,1
6333,36
6335,1
6337,2
6338,4
6339,1
6341,1
6344,4
6345,1
6350,3
6356,2
6357,1
6358,2
6365,50
6366,1
6367,4
6368,1
6370,5
6371,2
6373,31
6374,2
6377,41
6378,31
6379,5
6380,1
6383,22
6385,2
6386,2
6387,2
6392,1
6394,1
6409,2
6412,2
6413,1
6414,1
6424,1
6425,2
6426,1
6428,1
6429,1
6430,1
6433,1
6437,1
6440,7
6442,2
6445,2
6448,1
6460,1
6461,2
6462,2
6464,1
6472,1
6473,1
6474,1
6482,3
6484,2
6485,2
6486,1
6492,2
6493,4
6495,1
6498,1
6502,19
6503,13
6508,1
6514,1
6515,1
6523,1
6525,1
6530,2
6533,2
6534,21
6535,7
6536,2
6537,27
6538,5
6539,39
6541,24
6542,1
6544,1
6547,1
6548,9
6549,2
6550,3
6552,6
6556,1
6557,1
6558,3
6559,2
6560,1
6561,1
6564,9
6565,12
6566,3
6567,2
6568,1
6572,1
6577,2
6579,1
6584,3
6586,12
6587,5
6591,1
6593,10
6595,10
6596,3
6601,1
6615,8
6617,3
6618,10
6619,4
6620,6
6624,3
6625,1
6629,2
6631,1
6636,1
6639,3
6645,6
6650,2
6652,2
6658,2
6659,10
6660,1
6662,12
6663,2
6664,4
6666,2
6668,1
6670,1
6671,1
6678,6
6680,1
6686,2
6687,2
6689,1
6695,7
6696,1
6702,1
6703,2
6705,1
6707,7
6708,8
6709,9
6710,2
6711,24
6719,1
6720,1
6721,1
6724,1
6725,1
6731,2
6734,3
6740,1
6743,4
6744,1
6748,1
6749,1
6750,1
6751,4
6752,1
6753,10
6754,17
6755,4
6756,1
6763,3
6764,4
6765,6
6768,2
6770,2
6772,1
6773,3
6774,5
6776,3
6779,1
6780,1
6781,1
6783,2
6785,2
6787,7
6790,3
6791,2
6793,3
6794,4
6795,1
6796,4
6800,2
6807,19
6810,3
6811,3
6812,2
6814,1
6816,1
6820,5
6823,1
6826,1
6827,2
6829,1
6830,1
6832,1
6834,1
6841,1
6844,1
6848,1
6852,2
6857,3
6862,2
6863,39
6867,5
6868,3
6870,20
6872,1
6873,9
6874,33
6875,1
6879,10
6880,6
6881,4
6885,2
6886,1
6888,13
6889,2
6890,3
6893,5
6897,2
6899,1
6905,1
6909,1
6910,2
6919,1
6927,5
6932,2
6934,36
6936,13
6942,15
6944,9
6946,1
6947,12
6949,1
6950,1
6951,4
6952,8
6953,13
6954,1
6957,6
6958,1
6959,3
6965,1
6966,6
6967,1
6974,3
6975,1
6977,3
6978,2
6979,11
6987,1
6990,1
6991,4
6992,2
6993,3
6996,9
6999,1
7000,2
7001,4
7004,14
7005,5
7006,1
7007,5
7008,3
7010,1
7012,1
7014,1
7015,1
7016,1
7017,7
7018,1
7019,1
7021,1
7022,8
7023,2
7025,3
7026,2
7027,4
7028,3
7034,4
7035,1
7036,5
7039,1
7040,1
7041,2
7042,1
7043,1
7044,3
7045,5
7046,6
7048,3
7054,1
7056,2
7057,1
7059,2
7060,2
7062,1
7063,2
7064,1
7067,1
7068,1
7069,1
7070,1
7072,1
7073,1
7076,4
7080,2
7084,2
7085,1
7087,1
7089,1
7090,16
7091,1
7095,1
7096,1
7099,1
7101,6
7102,4
7103,1
7104,2
7111,1
7116,1
7118,2
7119,1
7122,1
7123,3
7126,1
7132,1
7135,2
7136,1
7137,2
7139,2
7141,2
7143,21
7147,22
7148,1
7149,6
7150,4
7151,1
7153,45
7154,4
7155,4
7156,1
7157,1
7158,9
7160,7
7161,2
7162,7
7163,14
7164,4
7165,1
7169,1
7172,1
7173,9
7174,1
7175,2
7178,1
7179,1
7193,2
7198,2
7199,1
7209,1
7210,2
7215,1
7216,1
7218,2
7222,2
7223,2
7227,2
7228,3
7236,1
7243,1
7247,3
7250,1
7253,1
7254,13
7255,1
7256,2
7257,1
7258,2
7259,2
7261,1
7263,2
7265,3
7266,1
7285,4
7286,1
7293,28
7294,3
7297,3
7299,1
7303,1
7304,1
7310,2
7313,1
7317,7
7318,7
7319,2
7320,1
7321,2
7323,8
7324,5
7325,17
7343,1
7345,1
7346,7
7347,9
7348,2
7352,2
7353,1
7360,9
7361,26
7362,3
7364,3
7365,2
7366,4
7367,8
7368,1
7369,3
7371,5
7373,14
7374,1
7375,1
7376,9
7377,1
7379,2
7380,5
7381,7
7382,2
7385,2
7386,3
7387,6
7389,1
7394,1
7408,1
7414,1
7417,2
7419,2
7438,34
7439,5
7440,1
7442,1
7444,17
7445,10
7448,6
7449,4
7451,18
7454,20
7458,18
7460,7
7481,2
7482,10
7484,2
7489,2
7493,2
7502,4
7541,1
7561,1
7563,2
7566,2
7569,8
7570,4
7572,1
7573,5
7574,1
7579,1
7583,1
7584,1
7587,1
7614,1
7615,1
7617,1
7618,4
7619,2
7625,1
7626,2
7636,1
7646,1
7649,2
7669,1
7700,1
7701,11
7704,3
7705,1
7707,1
7708,1
7713,1
7720,1
7725,1
7745,1
7756,1
7758,1
7761,1
7766,3
7767,1
7774,1
7781,3
7782,1
7784,1
7785,1
7786,1
7792,2
7802,4
7811,1
7826,1
7827,3
7831,1
7836,2
7840,1
7841,1
7842,6
7845,4
7846,4
7885,1
7889,1
7894,2
7896,1
7897,2
7915,2
7917,1
7924,1
7925,4
7926,1
7934,4
7951,1
7981,1
7982,2
7983,1
7987,1
7990,1
7991,1
8008,1
8011,1
8012,1
8014,3
8016,1
8019,2
8024,1
8033,1
8039,3
8040,1
8042,2
8045,1
8069,1
8094,1
8117,1
8118,1
8125,1
8127,2
8131,2
8132,6
8134,1
8142,1
8143,1
8154,2
8157,1
8167,1
8168,1
8169,4
8183,1
8195,2
8207,2
8225,1
8228,5
8235,2
8238,1
8253,1
8254,2
8256,1
8258,2
8266,2
8273,1
8290,2
8291,1
8295,1
8334,1
8336,1
8340,1
8360,40
8361,26
8366,8
8367,1
8368,34
8369,2
8370,2
8371,10
8372,8
8373,11
8376,22
8380,1
8383,1
8385,1
8387,4
8397,1
8404,1
8410,1
8425,1
8451,1
8464,19
8477,3
8482,1
8485,1
8491,1
8493,3
8495,1
8507,1
8511,1
8520,1
8526,1
8527,1
8528,15
8529,16
8530,1
8531,7
8532,1
8533,6
8537,1
8542,1
8573,1
8575,1
8576,2
8578,2
8580,1
8581,2
8582,1
8591,2
8600,2
8604,3
8605,1
8607,1
8610,3
8618,1
8619,1
8622,24
8623,5
8626,1
8633,6
8636,43
8638,1
8639,1
8640,8
8641,11
8643,2
8644,32
8645,3
8657,1
8665,22
8666,5
8667,1
8671,1
8676,1
8677,1
8678,1
8690,4
8701,1
8703,1
8709,1
8711,1
8718,1
8721,1
8722,2
8723,1
8736,1
8744,1
8745,1
8746,1
8778,1
8780,1
8781,7
8783,15
8784,18
8791,1
8795,1
8796,3
8798,18
8799,1
8800,1
8805,1
8807,14
8808,5
8809,1
8810,15
8811,1
8814,8
8815,2
8827,3
8830,4
8831,2
8833,3
8835,1
8836,3
8838,1
8844,1
8847,1
8855,1
8859,3
8860,6
8861,9
8862,3
8864,4
8865,14
8866,4
8868,1
8870,1
8873,6
8874,24
8879,2
8880,4
8884,2
8902,1
8906,2
8907,17
8908,6
8910,4
8911,2
8912,6
8914,5
8916,4
8917,18
8919,1
8927,2
8930,1
8931,2
8934,2
8937,4
8938,1
8939,3
8941,1
8943,1
8946,2
8947,7
8949,15
8950,6
8952,1
8956,2
8957,9
8958,4
8961,45
8965,2
8966,5
8968,1
8969,9
8970,6
8972,14
8973,2
8974,1
8977,7
8978,2
8981,10
8983,9
8984,16
8985,6
8986,1
8998,1
9005,1
9010,1
9018,1
25738,1
25750,1
25771,2
25788,1
25802,1
25825,1
25868,1
25911,1
25923,1
25930,1
25934,1
25938,1
25940,1
25942,1
25954,2
25961,1
26003,1
26007,1
26080,1
26082,2
26084,1
26101,2
26116,1
26117,1
26119,1
26131,3
26133,1
26150,3
26152,4
26171,1
26172,1
26181,1
26199,1
26203,1
26226,1
26230,1
26240,1
26242,1
26249,2
26256,1
26258,1
26270,1
26294,1
26322,1
26346,1
26350,1
26364,1
26366,1
26371,1
26375,2
26386,1
26391,1
26395,1
26398,1
26403,1
26413,1
26462,1
26464,1
26465,1
26485,1
26488,1
26490,1
26502,1
26547,1
26554,1
26555,1
26562,1
26614,4
26649,1
26662,1
26663,1
26676,1
26680,1
26686,2
26693,2
26700,1
26704,1
26712,1
26729,2
26736,1
26750,1
26758,1
26776,6
26782,1
26828,2
26838,1
26840,1
26865,1
26870,3
26887,1
26925,1
26974,1
27002,1
27020,2
27046,1
27064,1
27075,3
27109,1
27156,1
27178,1
27193,1
27215,1
27253,1
27266,2
27277,1
27292,1
27311,3
27316,1
27317,2
27327,1
27338,2
27359,1
27368,1
27408,1
27410,1
27416,1
27420,1
27434,1
27454,1
27458,1
27473,1
27478,3
27482,4
27523,1
27563,1
27564,1
27584,1
27592,1
27604,3
27608,1
27611,4
27618,2
27636,1
27660,11
27674,2
27695,1
27704,1
27706,9
27708,1
27716,1
27721,3
27722,1
27728,5
27741,4
27765,1
27773,4
27778,1
27788,2
27790,2
27792,1
27793,1
27800,1
27801,3
27803,1
27805,1
27808,8
27816,1
27820,1
27821,6
27822,1
27831,9
27833,1
27837,6
27838,1
27839,4
27841,1
27846,2
27865,2
27873,2
27878,3
27879,1
27882,1
27887,1
27888,1
27899,4
27904,10
27912,1
30707,15
30749,11
30793,22
30810,10
30812,9
30816,6
30820,4
30822,2
30825,14
30846,2
30848,3
30850,1
30883,1
30894,3
30898,5
30942,1
30952,1
30991,1
31032,1
31079,1
31101,1
31114,1
31148,1
31150,1
31162,2
31184,1
31193,1
31221,6
31223,1
31251,2
31260,1
31364,1
31410,6
31420,3
31422,1
31424,2
31427,1
31437,2
31445,1
31522,1
31553,1
31658,8
31660,2
31685,10
31689,1
31694,2
31696,12
31698,4
31700,1
31702,1
31804,2
31878,10
31892,1
31923,2
31930,1
31934,1
31952,2
31956,1
32011,2
32017,5
32019,3
32022,2
32029,5
32031,7
32058,1
32078,1
32116,3
32139,1
32141,1
32179,1
32211,1
32213,2
32291,4
32296,5
32298,1
32302,2
32347,1
32369,1
32387,1
32395,1
32442,1
32460,1
32511,1
32582,2
32587,26
32596,6
32598,5
32600,1
32605,1
32668,1
32882,1
32954,1
32988,1
33004,14
33126,1
33138,1
33145,2
33158,3
33162,12
33164,1
33166,18
33171,1
33193,1
33358,1
33376,1
33410,1
33437,7
33454,1
33493,35
33495,2
33499,3
33564,1
33585,4
33592,1
33615,11
33621,1
33639,1
33644,1
33646,1
33649,1
33660,9
33669,4
33672,3
33675,1
33677,2
33679,18
33781,1
33794,35
33815,2
33817,1
33819,1
33823,1
33830,3
33834,4
33836,3
33838,1
33880,2
33930,1
33988,1
34002,1
34045,1
34048,18
34072,6
34129,1
34143,3
34150,8
34153,2
34162,17
34164,1
34198,2
34271,4
34319,11
34321,2
34323,3
34326,1
34330,1
34332,6
34334,5
34336,4
34338,6
34359,1
34373,1
34375,1
34405,12
34437,3
34520,3
34523,1
34528,1
34530,3
34532,3
34534,5
34536,2
34542,3
35347,1
35836,23
35957,7
36083,1
36276,3
36397,2
36401,6
36509,2
36513,1
36517,6
36519,8
36525,6
36527,6
36529,11
36533,2
36537,4
36708,5
37380,8
37382,3
37384,3
37386,13
37475,3
37626,1
37720,4
37727,6
37729,12
37731,1
37733,5
37736,2
37741,3
37830,8
37846,1
37857,4
38038,8
38046,1
38061,7
38095,1
38188,1
38294,1
38388,1
38499,1
38538,1
38798,4
38839,1
38843,1
38886,1
38992,3
39052,1
39183,8
39231,4
39234,1
39292,1
39307,1
39381,1
39390,1
39394,1
39400,1
39414,2
39419,1
39427,3
39435,3
39444,6
39446,12
39449,1
39715,2
39796,1
39869,1
39886,1
40148,1
40278,10
40337,1
40339,9
40581,3
40583,7
40614,5
40629,4
40679,1
40723,2
40732,5
40815,27
40819,14
40826,1
40851,2
40870,1
40946,2
40959,3
40962,2
40966,1
41136,1
41285,8
41566,16
41569,16
41571,5
41573,6
41627,1
41716,3
41831,1
41863,2
41997,8
42002,4
42004,3
42007,2
42009,3
42011,6
42013,3
42015,2
42018,1
42197,2
42285,1
42418,3
42632,2
42718,1
42721,2
42723,6
42725,3
42728,2
42730,1
42732,1
42734,5
42738,8
42763,1
43248,1
43396,1
43419,3
43556,2
43558,1
43560,3
43677,1
43679,4
43836,3
43853,1
43869,1
43871,3
43904,1
43908,2
43912,1
43917,3
43919,3
43921,1
43926,1
43928,6
43930,2
43932,2
43936,11
43987,1
44004,3
44022,8
44058,1
44168,1
44189,1
44191,17
44193,4
44195,19
44197,2
44199,4
44225,2
44295,1
44397,4
44399,2
44494,1
44555,3
44595,1
44613,3
44657,1
44665,8
44694,2
44709,1
44729,1
44759,1
44761,7
44788,1
44828,2
44840,3
44864,1
44881,1
44892,1
44943,3
44972,8
44974,3
45028,2
45062,4
45074,2
45081,2
45106,3
45183,1
45186,19
45208,1
45210,3
45221,2
45361,1
45431,7
45440,3
45442,5
45447,14
45499,18
45501,5
45512,1
45517,10
45635,1
45662,5
45666,6
45668,4
45672,8
45720,9
45722,21
45726,4
45728,8
45730,5
45732,4
45880,2
45928,1
45950,6
46062,3
46231,1
46322,1
46335,7
46337,2
46530,7
46559,2
46574,1
46578,26
46613,1
46653,1
46664,1
46723,4
46865,2
46948,2
46957,1
46959,1
46965,5
46967,4
46970,6
46972,14
46974,1
46976,8
47044,7
47099,7
47122,3
47124,4
47200,2
47221,1
47254,1
47261,1
47274,1
47382,2
47423,2
47465,2
47493,1
47516,1
47518,4
47610,14
47629,2
47640,4
47642,1
47644,2
47723,1
47725,1
47805,1
47810,3
47830,1
47950,2
47952,3
47956,1
47970,2
47976,1
47997,4
47999,3
48032,1
48043,8
48061,1
48093,1
48142,2
48159,1
48161,1
48268,1
48304,8
48319,1
48322,4
48385,19
48394,8
48412,1
48414,4
48516,19
48520,7
48543,1
48560,1
48575,1
48593,1
48596,2
48678,1
48696,4
48738,4
48744,1
48774,17
48780,13
48783,2
48856,2
48872,1
48877,5
48943,4
48982,1
48997,5
49013,1
49130,1
49132,1
49220,2
49272,22
49274,6
49276,3
49278,7
49280,1
49284,1
49286,4
49314,1
49347,3
49379,1
49396,2
49526,1
49528,1
49530,9
49647,1
49649,5
49651,5
49752,1
49793,1
49817,1
49822,5
49824,2
49910,2
49932,2
49957,2
50003,1
50064,1
50068,3
50149,1
50153,1
50158,2
50160,3
50162,1
50189,1
50229,1
50440,1
50442,2
50445,1
50447,1
50514,3
50601,1
50628,1
50651,1
50685,4
50792,1
50794,5
50796,1
50798,5
50802,1
50804,3
50806,2
50842,1
50858,1
50872,16
50912,1
50923,2
51024,1
51037,2
51077,6
51080,2
51082,1
51084,6
51086,6
51088,1
51091,2
51255,10
51304,1
51372,1
51412,5
51418,1
51471,1
51540,5
51575,4
51579,1
51638,1
51660,3
51662,32
51666,1
51698,1
51705,2
51709,3
51834,1
51847,1
51925,2
51927,2
51931,1
51935,6
51937,2
51939,2
52042,1
52227,1
52241,1
52245,10
52281,3
52283,1
52287,3
52328,2
52375,2
52435,1
52456,2
52458,2
52460,2
52528,1
52551,1
52579,1
52591,2
52604,4
52606,1
52644,1
52668,1
52694,2
52717,1
52722,16
52806,1
52867,2
52885,4
52950,2
52952,3
52967,1
52973,8
52975,2
53000,5
53038,1
53121,11
53123,7
53125,16
53129,4
53138,1
53140,1
53161,1
53189,2
53207,3
53318,3
53322,12
53435,3
53460,1
53464,5
53466,1
53468,1
53519,3
53550,3
53574,1
53827,1
53894,5
53921,1
53953,4
53956,4
53972,9
53974,1
53988,1
53993,6
53996,14
53999,1
54001,16
54004,5
54116,1
54144,1
54190,4
54193,1
54198,1
54256,2
54259,6
54272,16
54274,1
54276,2
54278,1
54281,4
54286,8
54331,2
54372,1
54503,11
54513,1
54612,1
54621,1
54648,4
54686,1
54732,3
54734,1
54736,2
54745,1
54771,2
54775,2
54783,1
54785,2
54881,3
54908,1
54934,1
54995,4
54997,12
54999,5
55052,5
55067,1
55069,2
55080,1
55100,1
55118,3
55176,1
55232,7
55241,2
55245,4
55247,7
55250,1
55259,1
55261,2
55267,6
55269,5
55274,1
55276,6
55278,1
55280,6
55282,5
55284,2
55286,1
55290,1
55292,2
55363,4
55419,1
55442,3
55451,1
55498,1
55517,1
55553,1
55555,1
55577,2
55603,1
55620,1
55721,1
55732,1
55765,9
55768,2
55805,3
55814,1
55820,20
55830,6
55856,1
55872,1
55901,1
55908,4
55955,3
55995,4
55999,4
56003,5
56145,3
56152,6
56156,4
56169,2
56171,7
56174,17
56176,2
56251,4
56286,2
56339,4
56367,12
56389,3
56508,1
56587,8
56607,2
56620,1
56715,3
56719,1
56757,4
56775,7
56782,6
56788,5
56801,6
56805,2
56908,1
56915,2
56921,4
56941,3
56949,6
57183,1
57223,2
57326,1
57368,6
57370,1
57401,2
57453,1
57476,1
57504,1
57509,1
57520,1
57526,1
57528,3
57532,3
57534,1
57536,1
57538,1
57640,4
57669,5
57910,3
57951,1
58025,9
58047,5
58078,1
58103,7
58105,3
58107,3
58154,2
58156,4
58162,3
58293,8
58295,3
58297,1
58299,1
58301,1
58306,1
58315,2
58334,1
58347,6
58351,1
58376,1
58432,1
58492,1
58559,19
58622,1
58655,1
58706,1
58740,1
58803,13
58806,1
58839,1
58876,1
58972,2
58998,3
59014,2
59016,3
59018,3
59022,1
59037,4
59103,3
59126,2
59141,2
59216,1
59256,2
59258,4
59315,16
59333,2
59336,3
59362,1
59369,11
59376,1
59382,1
59387,2
59392,2
59418,2
59421,2
59429,1
59440,1
59501,6
59594,2
59604,1
59615,15
59621,1
59709,1
59721,1
59725,4
59738,2
59784,5
59810,1
59834,1
59900,6
59908,3
59915,2
59947,1
59985,3
59995,1
60037,3
60040,6
60046,1
60069,17
60072,10
60074,10
60126,4
60128,2
60161,4
60259,1
60293,1
60382,1
60397,1
60418,2
60471,1
60479,1
60514,5
60516,3
60599,1
60609,1
60674,1
60684,11
60756,6
60760,4
60763,1
60816,2
60832,3
60937,5
60941,2
60950,4
60979,1
61024,8
61048,1
61071,1
61073,1
61123,3
61132,11
61160,3
61210,1
61236,1
61240,1
61248,5
61250,2
61255,2
61257,1
61262,5
61289,2
61312,1
61323,7
61348,1
61350,5
61354,2
61394,1
61401,3
61465,2
61678,1
61697,2
61705,1
61729,5
61961,1
61986,2
62049,1
62081,6
62113,4
62155,6
62250,1
62265,2
62293,3
62336,1
62344,2
62374,4
62376,2
62378,1
62390,1
62394,4
62434,8
62437,3
62511,2
62577,1
62721,1
62792,1
62801,1
62803,1
62849,3
62912,3
62956,4
62970,1
62999,5
63062,3
63072,2
63082,14
63113,13
63131,5
63433,1
63436,2
63479,3
63481,1
63515,1
63540,1
63808,1
63853,5
63859,3
63876,2
63992,9
64030,3
64032,3
64034,1
64231,1
64249,1
64285,2
64497,4
64499,1
64508,1
64575,3
64614,5
64620,1
64622,2
64716,4
64839,4
64957,5
64969,6
64983,1
64986,1
64997,1
64999,1
65037,1
65088,2
65126,4
65130,2
65155,1
65188,1
65216,1
65225,1
65230,3
65261,2
65300,1
65315,1
65418,1
65465,1
65518,1
65567,2
65585,3
65642,1
65682,4
65685,2
65772,1
65802,2
65813,1
65868,1
65982,2
66097,5
66130,1
66156,2
66171,2
66198,3
66200,1
66203,5
66240,1
66297,3
66304,1
66335,1
66371,1
66385,1
66427,2
66509,2
66581,1
66665,1
66783,1
66789,1
66902,1
66934,4
67087,4
67138,1
67168,1
67186,1
67193,2
67197,5
67255,6
67267,3
67295,1
67361,2
67365,2
67408,2
67464,1
67534,1
67620,1
67665,1
67695,2
67734,5
67788,3
67799,1
67801,1
67867,3
67871,1
67923,2
68073,2
68135,8
68157,13
68159,1
68201,1
68205,2
68237,4
68263,2
68319,9
68347,1
68358,9
68472,1
68482,2
68513,1
68519,1
68536,1
68554,6
68600,1
68659,1
68791,6
68793,3
68843,1
68848,1
68932,1
68945,2
68952,4
68954,21
69069,1
69075,1
69118,1
69122,22
69134,2
69253,1
69275,1
69278,3
69284,1
69304,1
69306,1
69339,1
69406,5
69419,1
69436,5
69481,4
69526,5
69604,2
69606,1
69640,7
69644,2
69757,9
69784,8
69842,2
69844,11
69951,2
70064,1
70121,1
70183,2
70208,1
70227,1
70286,14
70293,5
70305,3
70342,1
70565,2
70567,4
70597,1
70599,1
70687,1
70984,1
70992,1
71033,2
71057,5
71106,1
71156,6
71189,1
71205,2
71211,4
71248,1
71252,2
71254,6
71264,5
71327,1
71341,1
71379,6
71429,1
71460,1
71462,3
71464,2
71466,2
71468,1
71518,2
71520,5
71530,6
71535,10
71550,1
71579,2
71619,1
71668,1
71670,1
71707,1
71745,4
71810,1
71823,1
71838,3
71928,1
72011,3
72043,1
72129,3
72163,1
72165,1
72167,2
72176,1
72226,4
72308,1
72330,1
72367,1
72378,8
72380,3
72386,1
72393,2
72395,1
72405,1
72407,4
72489,1
72605,3
72641,2
72720,2
72731,1
72733,1
72737,2
72762,1
72919,1
72980,1
72982,1
72998,20
73015,1
73017,20
73023,1
73089,1
73106,1
73168,1
73183,1
73266,4
73319,1
73321,6
73323,3
73462,1
73511,1
73759,1
73804,1
73829,1
73929,2
74115,1
74156,1
74228,1
74275,3
74324,1
74450,4
74452,2
74458,7
74480,1
74484,1
74504,1
74508,1
74510,3
74530,4
74532,1
74545,5
74624,2
74668,1
74685,1
74698,1
74752,1
74754,1
74789,12
74791,1
74795,1
74851,1
74864,2
74868,2
74944,1
75438,1
75440,1
75805,2
75813,1
75816,2
75985,4
76030,1
76060,1
76077,2
76093,10
76130,1
76173,2
76175,2
76208,1
76210,2
76251,13
76293,4
76317,2
76716,1
76763,2
77191,1
77206,1
77307,1
77355,1
77364,3
77370,1
77427,1
77455,2
77540,1
77561,9
77658,1
77667,2
77780,1
77800,4
77837,1
77843,2
77866,4
77966,1
78011,1
78034,1
78088,2
78105,2
78157,1
78160,1
78174,1
78207,1
78209,5
78264,1
78266,2
78308,1
78316,1
78321,1
78349,2
78467,1
78469,3
78499,7
78574,2
78637,4
78679,1
78759,1
78772,2
78774,1
78836,1
78893,1
79008,2
79029,1
79057,2
79091,6
79132,14
79134,3
79139,3
79185,2
79222,1
79224,4
79230,1
79242,1
79251,1
79274,2
79293,5
79357,4
79428,3
79494,1
79536,1
79545,1
79592,2
79695,4
79702,8
79720,2
79796,1
80094,1
80139,1
80166,2
80219,2
80222,1
80241,1
80324,1
80330,1
80350,1
80363,2
80432,1
80463,11
80489,5
80549,3
80551,1
80615,4
80748,1
80763,1
80831,3
80846,1
80860,3
80862,1
80864,1
80870,1
80880,1
80906,4
80917,1
80939,1
80969,2
81018,1
81156,1
81164,3
81180,1
81229,3
81316,1
81359,1
81385,1
81396,1
81451,1
81512,1
81535,1
81537,6
81546,1
81562,10
81564,7
81591,9
81641,1
81782,1
81784,1
81786,1
81788,1
81791,1
81834,5
81845,8
81847,7
81932,6
82095,2
82167,2
82169,3
82202,3
82240,1
82242,1
82459,8
82461,5
82499,1
82767,1
82852,2
82854,1
83132,1
83184,1
83302,1
83349,3
83417,1
83480,2
83613,5
83803,1
83976,2
84152,4
84154,1
84242,1
84374,2
84395,1
84601,4
84772,1
84880,1
84942,1
84944,4
84954,5
85020,3
85022,1
85056,1
85131,4
85295,2
85342,1
85372,1
85392,1
85397,1
85401,1
85412,3
85414,7
85510,2
85777,2
85780,1
85788,3
85796,1
85881,2
85885,1
86142,1
86190,2
86295,2
86298,3
86332,7
86345,1
86347,1
86355,2
86377,3
86548,1
86624,1
86644,3
86781,2
86817,2
86833,3
86835,3
86880,8
86882,7
86911,8
87192,2
87194,1
87222,6
87232,8
87234,2
87298,3
87304,2
87306,5
87430,3
87485,3
87520,4
87529,1
87660,1
87785,1
87867,1
87869,5
87876,2
88061,1
88108,1
88125,5
88129,6
88140,11
88163,6
88235,1
88237,1
88356,1
88495,1
88672,2
88744,7
88746,1
88785,2
88810,5
88812,2
88835,1
88932,1
88950,1
89030,1
89085,1
89087,3
89090,1
89118,3
89190,1
89305,2
89343,2
89470,1
89490,1
89492,1
89703,1
89745,13
89753,2
89759,1
89761,1
89774,2
89804,1
89840,2
89862,1
89864,1
89904,2
90249,1
90310,1
90345,1
90374,2
90403,2
90405,3
90439,2
90522,2
90524,1
90531,1
90600,1
90645,1
90647,4
90717,2
90719,2
90746,3
90866,4
90947,1
90958,1
91077,4
91094,2
91104,2
91126,1
91128,2
91213,1
91323,1
91355,1
91414,1
91485,1
91500,8
91529,3
91535,2
91542,10
91603,1
91622,2
91626,1
91630,5
91653,2
91658,2
91660,2
91690,1
91784,1
91823,1
91866,1
91974,2
91976,1
91978,2
91981,1
91983,1
92008,1
92048,1
92094,1
92096,1
92152,1
92259,3
92420,2
92422,1
92494,1
92496,1
92498,1
92507,1
92643,1
92768,1
92829,1
92894,1
92938,2
92944,1
93040,1
93139,1
93142,1
93270,2
93287,2
93326,1
93363,1
93498,1
93510,3
93512,1
93709,1
93831,1
93838,1
93840,4
93982,1
94015,1
94018,1
94070,3
94266,1
94478,3
94677,2
94777,2
94780,3
94864,3
94896,1
94959,3
94985,1
94998,1
95032,1
95058,1
95088,1
95105,2
95167,7
95307,1
95441,5
95504,1
95510,4
95543,1
95558,1
95624,1
95720,1
95875,2
96079,3
96110,1
96283,1
96417,1
96432,1
96469,1
96488,2
96501,1
96514,1
96567,1
96588,2
96610,5
96679,1
96693,1
96737,3
96821,1
96853,1
96861,1
97172,1
97186,1
97188,1
97225,2
97304,5
97306,1
97324,1
97665,1
97752,1
97757,1
97860,3
97870,1
97913,5
97921,3
97923,2
97938,4
98000,1
98083,2
98154,4
98217,1
98230,1
98243,1
98296,1
98361,1
98552,1
98797,1
98809,6
98961,2
99007,1
99112,3
99114,8
99149,1
99437,1
99728,3
99813,1
99904,1
99910,1
99912,2
99962,1
100062,1
100083,1
100159,1
100163,1
100383,1
100390,1
100498,1
100507,2
100737,1
101025,1
101060,1
101112,3
101142,1
101285,1
101525,2
101741,1
101761,1
101763,1
101864,2
102123,2
102125,6
102354,1
102407,1
102445,6
102481,1
102588,1
102686,1
102720,1
102903,4
102991,1
102993,1
103042,4
103075,1
103141,1
103228,4
103249,3
103335,6
103341,3
103361,1
103384,1
103606,2
103688,2
103772,3
103867,1
103883,1
103980,1
104064,1
104066,1
104069,1
104074,1
104089,1
104211,1
104218,1
104241,1
104337,2
104339,1
104356,1
104374,1
104457,1
104638,1
104841,7
104879,3
104925,1
104944,1
105028,1
105037,1
105197,2
105211,1
105213,1
105217,1
105355,1
105468,1
105504,1
105593,1
105653,2
105703,1
105753,1
105755,1
105844,2
105869,1
105954,1
106002,3
106072,1
106100,2
106438,1
106487,6
106489,7
106642,2
106696,5
106766,2
106782,5
106916,4
106918,1
106920,4
107141,4
107314,1
107406,1
107537,1
107771,1
107881,1
108188,1
108190,2
108476,1
108548,1
108715,1
108928,2
108932,3
109243,1
109374,3
109487,2
109492,1
109848,2
109850,1
109864,1
109925,1
109953,1
110102,6
110553,2
110730,3
110771,2
110828,1
111113,1
111360,3
111362,3
111617,2
111659,2
111743,1
111759,3
111921,1
112138,3
112183,1
112370,2
112515,1
112556,4
112623,2
112852,4
112913,1
114007,1
114180,2
114601,1
114670,1
115149,2
115170,1
115231,1
115569,1
115617,4
116128,1
116797,4
116841,1
116977,1
117123,1
117176,2
117511,2
117590,3
118354,1
118696,1
118997,1
119141,2
125916,2
128488,1
128594,1